endpoint,round,rps,avg_latency,p99_latency
/,1,82967.78,119.94us,327.00us
/,2,84127.77,117.28us,326.00us
/,3,73315.16,135.84us,344.00us
/,4,78510.62,126.61us,340.00us
/,5,77089.80,129.04us,337.00us
/,6,87037.65,112.78us,311.00us
/,7,71892.28,138.47us,342.00us
/,8,78047.13,127.34us,344.00us
/,9,79535.87,124.84us,339.00us
/,10,81777.28,121.03us,330.00us
/json,1,81567.55,121.11us,331.00us
/json,2,84935.48,115.86us,321.00us
/json,3,78381.18,126.37us,342.00us
/json,4,74661.81,133.20us,348.00us
/json,5,79613.24,124.36us,334.00us
/json,6,82969.34,118.94us,323.00us
/json,7,83373.62,118.81us,329.00us
/json,8,72337.74,137.44us,347.00us
/json,9,79436.01,124.67us,331.00us
/json,10,69874.34,142.38us,347.00us
/large,1,10158.96,0.98ms,1.22ms
/large,2,10225.40,0.98ms,1.22ms
/large,3,10998.28,0.91ms,1.13ms
/large,4,9924.35,1.01ms,1.24ms
/large,5,10140.94,0.98ms,1.24ms
/large,6,10434.21,0.95ms,1.22ms
/large,7,9937.83,1.00ms,1.23ms
/large,8,9979.84,1.00ms,1.23ms
/large,9,10425.08,0.95ms,1.21ms
/large,10,10227.75,0.97ms,1.23ms
